Serial No,Primary,Secondary,Tertiary,Source,Photographer,Receptacle,Lining,Image Name
1,Dry,Wet,NA,Apartment,Pravada,Bin,None,_20180124_195243.jpg
2,Dry,NA,Wet,Apartment,Pravada,None,Newspaper,_20180124_195303.jpg
3,Dry,Wet,NA,Apartment,Pravada,Bin,Plastic,IMG_20180119_221418.jpg
4,Dry,Wet,NA,Apartment,Pravada,Bin,Plastic,IMG_20180119_221704.jpg
5,Dry,Wet,Reject,Apartment,Pravada,Bin,Plastic,IMG_20180123_193005.jpg
6,Dry,Wet,Reject,Apartment,Pravada,Bin,Plastic,IMG_20180123_193014.jpg
7,Dry,NA,Reject,Apartment,Pravada,Bin,Plastic,IMG_20180123_193039.jpg
8,Dry,NA,Reject,Apartment,Pravada,Bin,Plastic,IMG_20180123_193045.jpg
9,Dry,NA,Wet,Apartment,Pravada,Bin,Plastic,IMG_20180123_193135.jpg
10,Dry,NA,Wet,Apartment,Pravada,Bin,Plastic,IMG_20180123_193326.jpg
11,Dry,NA,Wet,Apartment,Pravada,Bin,Plastic,IMG_20180123_193331.jpg
12,Wet,Dry,Reject,Apartment,Pravada,Bin,Plastic,IMG_20180123_193354.jpg
13,Wet,Dry,Reject,Apartment,Pravada,Bin,Plastic,IMG_20180123_193359.jpg
14,Dry,Wet,NA,Apartment,Pravada,Bin,Plastic,IMG_20180123_193416.jpg
15,Dry,Wet,NA,Apartment,Pravada,Bin,Plastic,IMG_20180123_193421.jpg
16,Wet,Dry,Garden,Apartment,Pravada,Bin,Plastic,IMG_20180124_081110.jpg
17,Wet,Dry,Garden,Apartment,Pravada,Bin,Plastic,IMG_20180124_081122.jpg
18,Dry,NA,NA,Apartment,Pravada,Bin,Plastic,IMG_20180124_081143.jpg
19,Dry,NA,NA,Apartment,Pravada,Bin,Plastic,IMG_20180124_081156.jpg
20,Dry,NA,NA,Apartment,Pravada,Bin,Plastic,IMG_20180124_081306.jpg
21,Dry,NA,NA,Apartment,Pravada,Bin,Plastic,IMG_20180124_081320.jpg
22,Dry,NA,Wet,Apartment,Pravada,Bin,Plastic,IMG_20180124_081334.jpg
23,Dry,NA,Wet,Apartment,Pravada,Bin,Plastic,IMG_20180124_081345.jpg
24,Dry,NA,Garden,Apartment,Pravada,Bin,Plastic,IMG_20180124_081642.jpg
25,Dry,NA,Garden,Apartment,Pravada,Bin,Plastic,IMG_20180124_081654.jpg
26,Dry,NA,Wet,Apartment,Pravada,Bin,Plastic,IMG_20180124_081745.jpg
27,Dry,NA,Wet,Apartment,Pravada,Bin,Plastic,IMG_20180124_081750.jpg
28,Dry,NA,Wet,Apartment,Pravada,Bin,Plastic,IMG_20180124_081756.jpg
29,Dry,NA,Wet,Apartment,Pravada,Bin,Plastic,IMG_20180124_081833.jpg
30,Dry,NA,Wet,Apartment,Pravada,Bin,Plastic,IMG_20180124_081840.jpg
31,Dry,Wet,Reject,Apartment,Pravada,Bin,Plastic,IMG_20180124_081901.jpg
32,Dry,Wet,Reject,Apartment,Pravada,Bin,Plastic,IMG_20180124_081905.jpg
33,Dry,Wet,Reject,Apartment,Pravada,Bin,Plastic,IMG_20180124_081909.jpg
34,Dry,Wet,NA,Apartment,Pravada,Bin,Plastic,IMG_20180124_081944.jpg
35,Dry,Wet,NA,Apartment,Pravada,Bin,Plastic,IMG_20180124_081959.jpg
36,Dry,Wet,NA,Apartment,Pravada,Bin,Plastic,IMG_20180124_082004.jpg
37,Wet,NA,Dry,Apartment,Pravada,Bin,Plastic,IMG_20180124_192841.jpg
38,Wet,NA,Dry,Apartment,Pravada,Bin,Plastic,IMG_20180124_192847.jpg
39,Dry,NA,Wet,Apartment,Pravada,Bin,Plastic,IMG_20180124_192912.jpg
40,Dry,Wet,NA,Apartment,Pravada,Bin,Plastic,IMG_20180124_192938.jpg
41,Dry,Wet,NA,Apartment,Pravada,Bin,Plastic,IMG_20180124_192955.jpg
42,Dry,Wet,NA,Apartment,Pravada,Bin,Plastic,IMG_20180124_193006.jpg
43,Wet,Dry,NA,Apartment,Pravada,Bin,Plastic,IMG_20180124_195805.jpg
44,Dry,Wet,NA,Apartment,Pravada,Bin,Plastic,IMG_20180124_200011.jpg
45,Dry,NA,Wet,Apartment,Pravada,Bin,Plastic,IMG_20180124_200050.jpg
46,Dry,NA,Wet,Apartment,Pravada,Bin,Plastic,IMG_20180124_200314.jpg
47,Dry,Wet,NA,Apartment,Pravada,Bin,Plastic,IMG_20180124_200349.jpg
48,Dry,Wet,NA,Apartment,Pravada,Bin,Plastic,IMG_20180124_200356.jpg
49,Dry,Wet,NA,Apartment,Pravada,Bin,Plastic,IMG_20180124_200403.jpg
50,Dry,Reject,Wet,Apartment,Pravada,Bin,Plastic,IMG_20180124_200416.jpg
51,Dry,Reject,Wet,Apartment,Pravada,Bin,Plastic,IMG_20180124_200422.jpg
52,Dry,Reject,Wet,Apartment,Pravada,Bin,Plastic,IMG_20180124_200429.jpg
53,Dry,NA,Reject,Apartment,Pravada,Bin,Plastic,IMG_20180124_200514.jpg
54,Dry,NA,Reject,Apartment,Pravada,Bin,Plastic,IMG_20180124_200521.jpg
55,Dry,NA,Reject,Apartment,Pravada,Bin,Plastic,IMG_20180124_200529.jpg
56,Dry,NA,Wet,Apartment,Pravada,Bin,Plastic,IMG_20180124_200540.jpg
57,Dry,NA,Wet,Apartment,Pravada,Bin,Plastic,IMG_20180124_200546.jpg
58,Dry,NA,Wet,Apartment,Pravada,Bin,Plastic,IMG_20180124_200552.jpg
59,Dry,Wet,Reject,Apartment,Pravada,Bin,Plastic,IMG_20180124_200605.jpg
60,Dry,Wet,Reject,Apartment,Pravada,Bin,Plastic,IMG_20180124_200611.jpg
61,Dry,Wet,Reject,Apartment,Pravada,Bin,Plastic,IMG_20180124_200618.jpg
62,Dry,Wet,NA,Apartment,Pravada,Bin,Plastic,IMG_20180124_200641.jpg
63,Dry,NA,Wet,Apartment,Pravada,Bin,Plastic,IMG_20180124_200648.jpg
64,Wet,NA,Dry,Apartment,Pravada,Bin,Plastic,IMG_20180124_200753.jpg
65,Wet,NA,Dry,Apartment,Pravada,Bin,Plastic,IMG_20180124_200759.jpg
66,Dry,Wet,Reject,Apartment,Pravada,Bin,Plastic,IMG_20180124_200822.jpg
67,Dry,Wet,Reject,Apartment,Pravada,Bin,Plastic,IMG_20180124_200829.jpg
68,Dry,Wet,Reject,Apartment,Pravada,Bin,Plastic,IMG_20180124_200835.jpg
69,Dry,NA,NA,Apartment,Pravada,Bin,Plastic,IMG_20180124_200900.jpg
70,Dry,NA,Reject,Apartment,Pravada,Bin,Plastic,IMG_20180124_200931.jpg
71,Dry,Reject,Wet,Apartment,Pravada,Bin,Plastic,IMG_20180124_200936.jpg
72,Dry,Reject,Wet,Apartment,Pravada,Bin,Plastic,IMG_20180124_200942.jpg
73,Dry,NA,Reject,Apartment,Pravada,Bin,Plastic,IMG_20180124_200949.jpg
74,Dry,NA,Wet,Apartment,Pravada,Bin,Plastic,IMG_20180124_200958.jpg
75,Dry,NA,Wet,Apartment,Pravada,Bin,Plastic,IMG_20180124_201004.jpg
76,Dry,NA,Wet,Apartment,Pravada,Bin,Plastic,IMG_20180124_201009.jpg
77,Dry,NA,NA,Apartment,Pravada,Bin,Plastic,IMG_20180124_201030.jpg
78,Dry,NA,NA,Apartment,Pravada,Bin,Plastic,IMG_20180124_201037.jpg
79,Dry,NA,NA,Apartment,Pravada,Bin,Plastic,IMG_20180124_201046.jpg
80,Dry,Wet,NA,Apartment,Pravada,Bin,Plastic,IMG_20180124_201057.jpg
81,Dry,Wet,NA,Apartment,Pravada,Bin,Plastic,IMG_20180124_201102.jpg
82,Dry,Wet,NA,Apartment,Pravada,Bin,Plastic,IMG_20180124_201106.jpg
83,Dry,NA,NA,Apartment,Pravada,Bin,Plastic,IMG_20180124_201119.jpg
84,Dry,NA,NA,Apartment,Pravada,Bin,Plastic,IMG_20180124_201126.jpg
85,Dry,NA,Wet,Apartment,Pravada,Bin,Plastic,IMG_20180124_201138.jpg
86,Dry,NA,Wet,Apartment,Pravada,Bin,Plastic,IMG_20180124_201146.jpg
87,Dry,NA,Wet,Apartment,Pravada,Bin,Plastic,IMG_20180124_201159.jpg
88,Dry,Wet,Reject,Apartment,Pravada,Bin,Plastic,IMG_20180124_201241.jpg
89,Dry,Wet,Reject,Apartment,Pravada,Bin,Plastic,IMG_20180124_201248.jpg
90,Dry,Wet,Reject,Apartment,Pravada,Bin,Plastic,IMG_20180124_201255.jpg
91,Dry,Wet,NA,Apartment,Pravada,Bin,Plastic,IMG_20180124_201320.jpg
92,Dry,Wet,NA,Apartment,Pravada,Bin,Plastic,IMG_20180124_201327.jpg
93,Dry,Wet,NA,Apartment,Pravada,Bin,Plastic,IMG_20180124_201334.jpg
94,Dry,NA,Wet,Apartment,Pravada,Bin,Plastic,IMG_20180124_201349.jpg
95,Dry,NA,Wet,Apartment,Pravada,Bin,Plastic,IMG_20180124_201356.jpg
96,Dry,NA,Wet,Apartment,Pravada,Bin,Plastic,IMG_20180124_201400.jpg
97,Dry,NA,NA,Apartment,Pravada,Bin,Plastic,IMG_20180124_201413.jpg
98,Dry,NA,NA,Apartment,Pravada,Bin,Plastic,IMG_20180124_201423.jpg
99,Dry,NA,NA,Apartment,Pravada,Bin,Plastic,IMG_20180124_201428.jpg
100,Dry,NA,NA,Apartment,Pravada,Bin,Plastic,IMG_20180124_201434.jpg
101,Wet,Dry,Reject,Apartment,Pravada,Bin,Plastic,IMG_20180124_201456.jpg
102,Wet,Dry,Reject,Apartment,Pravada,Bin,Plastic,IMG_20180124_201504.jpg
103,Wet,Dry,Reject,Apartment,Pravada,Bin,Plastic,IMG_20180124_201510.jpg
104,Dry,NA,Wet,Apartment,Pravada,Bin,Plastic,IMG_20180124_201523.jpg
105,Dry,NA,Wet,Apartment,Pravada,Bin,Plastic,IMG_20180124_201530.jpg
106,Dry,NA,Wet,Apartment,Pravada,Bin,Plastic,IMG_20180124_201540.jpg
107,Wet,NA,NA,Apartment,Pravada,Bin,Plastic,IMG_20180125_131127.jpg
108,Wet,NA,NA,Apartment,Pravada,Bin,Plastic,IMG_20180125_131137.jpg
109,Dry,NA,Reject,Apartment,Pravada,Bin,Plastic,IMG_20180125_131224.jpg
110,Dry,NA,Reject,Apartment,Pravada,Bin,Plastic,IMG_20180125_131234.jpg
111,Dry,NA,Reject,Apartment,Pravada,Bin,Plastic,IMG_20180125_131240.jpg
112,Dry,Reject,Wet,Apartment,Pravada,Bin,Plastic,IMG_20180125_131256.jpg
113,Dry,Reject,Wet,Apartment,Pravada,Bin,Plastic,IMG_20180125_131307.jpg
114,Dry,Reject,Wet,Apartment,Pravada,Bin,Plastic,IMG_20180125_131324.jpg
115,Dry,Reject,Wet,Apartment,Pravada,Bin,Plastic,IMG_20180125_131401.jpg
116,Dry,Reject,Wet,Apartment,Pravada,Bin,Plastic,IMG_20180125_131408.jpg
117,Dry,Wet,Reject,Apartment,Pravada,Bin,Plastic,IMG_20180125_131419.jpg
118,Dry,Wet,Reject,Apartment,Pravada,Bin,Plastic,IMG_20180125_131427.jpg
119,Dry,NA,Wet,Apartment,Pravada,Bin,Plastic,IMG_20180125_131619.jpg
120,Dry,NA,Wet,Apartment,Pravada,Bin,Plastic,IMG_20180125_131626.jpg
121,Dry,NA,Wet,Apartment,Pravada,Bin,Plastic,IMG_20180125_131632.jpg
122,Dry,Wet,NA,Apartment,Pravada,Bin,Plastic,IMG_20180125_131646.jpg
123,Dry,Wet,NA,Apartment,Pravada,Bin,Plastic,IMG_20180125_131652.jpg
124,Dry,Wet,NA,Apartment,Pravada,Bin,Plastic,IMG_20180125_131659.jpg
125,Dry,Wet,Reject,Apartment,Pravada,Bin,Plastic,IMG_20180125_131714.jpg
126,Dry,Wet,Reject,Apartment,Pravada,Bin,Plastic,IMG_20180125_131721.jpg
127,Dry,Wet,Reject,Apartment,Pravada,Bin,Plastic,IMG_20180125_131727.jpg
128,Dry,NA,Wet,Apartment,Pravada,Bin,Plastic,IMG_20180125_131809.jpg
129,Dry,NA,Wet,Apartment,Pravada,Bin,Plastic,IMG_20180125_131818.jpg
130,Dry,NA,Wet,Apartment,Pravada,Bin,Plastic,IMG_20180125_131827.jpg
131,Dry,Wet,NA,Apartment,Pravada,Bin,Plastic,IMG_20180125_131845.jpg
132,Dry,Wet,NA,Apartment,Pravada,Bin,Plastic,IMG_20180125_131905.jpg
133,Dry,Wet,NA,Apartment,Pravada,Bin,Plastic,IMG_20180125_131914.jpg
134,Dry,Wet,NA,Apartment,Pravada,Bin,Plastic,IMG_20180125_131927.jpg
135,Dry,Wet,NA,Apartment,Pravada,Bin,Plastic,IMG_20180125_131935.jpg
136,Dry,Wet,NA,Apartment,Pravada,Bin,Plastic,IMG_20180125_131945.jpg
137,Dry,NA,NA,Apartment,Pravada,Bin,Plastic,IMG_20180125_132023.jpg
138,Dry,NA,NA,Apartment,Pravada,Bin,Plastic,IMG_20180125_132032.jpg
139,Dry,NA,Wet,Apartment,Pravada,Bin,Plastic,IMG_20180125_132043.jpg
140,Dry,Wet,NA,Apartment,Pravada,Bin,Plastic,IMG_20180125_132056.jpg
141,Dry,Wet,NA,Apartment,Pravada,Bin,Plastic,IMG_20180125_132104.jpg
142,Dry,Wet,NA,Apartment,Pravada,Bin,Plastic,IMG_20180125_132112.jpg
143,Dry,NA,Wet,Apartment,Pravada,Bin,Plastic,IMG_20180125_132156.jpg
144,Dry,NA,Wet,Apartment,Pravada,Bin,Plastic,IMG_20180125_132205.jpg
145,Dry,NA,Wet,Apartment,Pravada,Bin,Plastic,IMG_20180125_132213.jpg
146,Dry,Reject,Wet,Apartment,Pravada,Bin,Plastic,IMG_20180125_132225.jpg
147,Dry,Reject,Wet,Apartment,Pravada,Bin,Plastic,IMG_20180125_132237.jpg
148,Dry,Reject,Wet,Apartment,Pravada,Bin,Plastic,IMG_20180125_132245.jpg
149,Dry,NA,Garden,Apartment,Pravada,Bin,Plastic,IMG_20180125_132301.jpg
150,Dry,NA,Garden,Apartment,Pravada,Bin,Plastic,IMG_20180125_132314.jpg
151,Dry,NA,Garden,Apartment,Pravada,Bin,Plastic,IMG_20180125_132323.jpg
152,Dry,Wet,NA,Apartment,Pravada,Bin,Plastic,IMG_20180125_132336.jpg
153,Dry,Wet,NA,Apartment,Pravada,Bin,Plastic,IMG_20180125_132350.jpg
154,Dry,Wet,NA,Apartment,Pravada,Bin,Plastic,IMG_20180125_132356.jpg
155,Wet,Dry,NA,Apartment,Pravada,Bin,Plastic,IMG_20180125_132411.jpg
156,Wet,Dry,NA,Apartment,Pravada,Bin,Plastic,IMG_20180125_132418.jpg
157,Wet,Dry,NA,Apartment,Pravada,Bin,Plastic,IMG_20180125_132425.jpg
158,Wet,Dry,NA,Apartment,Pravada,Bin,Plastic,IMG_20180125_132437.jpg
159,Wet,Dry,NA,Apartment,Pravada,Bin,Plastic,IMG_20180125_132444.jpg
160,Wet,Dry,NA,Apartment,Pravada,Bin,Plastic,IMG_20180125_132450.jpg
161,Wet,Dry,NA,Apartment,Pravada,Bin,Plastic,IMG_20180125_132638.jpg
162,Wet,Dry,NA,Apartment,Pravada,Bin,Plastic,IMG_20180125_132644.jpg
163,Wet,Dry,NA,Apartment,Pravada,Bin,Plastic,IMG_20180125_132651.jpg
164,Dry,Wet,Reject,Apartment,Pravada,Bin,Plastic,IMG_20180125_132713.jpg
165,Dry,Wet,Reject,Apartment,Pravada,Bin,Plastic,IMG_20180125_132720.jpg
166,Dry,Wet,Reject,Apartment,Pravada,Bin,Plastic,IMG_20180125_132726.jpg
167,Dry,NA,Wet,Apartment,Pravada,Bin,Plastic,IMG_20180125_132737.jpg
168,Dry,NA,Wet,Apartment,Pravada,Bin,Plastic,IMG_20180125_132743.jpg
169,Dry,NA,Wet,Apartment,Pravada,Bin,Plastic,IMG_20180125_132750.jpg
170,Dry,NA,NA,Apartment,Pravada,Bin,Plastic,IMG_20180125_132842.jpg
171,Dry,NA,NA,Apartment,Pravada,Bin,Plastic,IMG_20180125_132848.jpg
172,Dry,NA,NA,Apartment,Pravada,Bin,Plastic,IMG_20180125_132858.jpg
173,Dry,NA,Reject,Apartment,Pravada,Bin,Plastic,IMG_20180125_132915.jpg
174,Dry,NA,Reject,Apartment,Pravada,Bin,Plastic,IMG_20180125_132920.jpg
175,Dry,NA,Reject,Apartment,Pravada,Bin,Plastic,IMG_20180125_132928.jpg
176,Wet,NA,NA,Apartment,Pravada,Bin,Plastic,IMG_20180125_132939.jpg
177,Dry,NA,NA,Apartment,Pravada,Bin,Plastic,IMG_20180125_132955.jpg
178,Dry,NA,NA,Apartment,Pravada,Bin,Plastic,IMG_20180125_133002.jpg
179,Dry,Wet,NA,Apartment,Pravada,Bin,Plastic,IMG_20180125_133041.jpg
180,Dry,Wet,NA,Apartment,Pravada,Bin,Plastic,IMG_20180125_133047.jpg
181,Dry,Reject,Wet,Apartment,Pravada,Bin,Plastic,IMG_20180125_133055.jpg
182,Dry,Reject,Wet,Apartment,Pravada,Bin,Plastic,IMG_20180125_133105.jpg
183,Dry,NA,Reject,Apartment,Pravada,Bin,Plastic,IMG_20180125_133127.jpg
184,Dry,NA,Reject,Apartment,Pravada,Bin,Plastic,IMG_20180125_133133.jpg
185,Dry,Wet,Reject,Apartment,Pravada,Bin,Plastic,IMG_20180125_133146.jpg
186,Dry,Wet,Reject,Apartment,Pravada,Bin,Plastic,IMG_20180125_133153.jpg
187,Dry,Wet,Reject,Apartment,Pravada,Bin,Plastic,IMG_20180125_133201.jpg
188,Dry,NA,Wet,Apartment,Pravada,Bin,Plastic,IMG_20180125_133214.jpg
189,Dry,NA,Wet,Apartment,Pravada,Bin,Plastic,IMG_20180125_133221.jpg
190,Dry,Wet,NA,Apartment,Pravada,Bin,Plastic,IMG_20180125_133236.jpg
191,Dry,Wet,NA,Apartment,Pravada,Bin,Plastic,IMG_20180125_133244.jpg
192,Dry,Wet,NA,Apartment,Pravada,Bin,Plastic,IMG_20180125_133251.jpg
193,Wet,NA,Dry,Apartment,Pravada,Bin,None,IMG_20180126_095318.jpg
194,Wet,NA,Dry,Apartment,Pravada,Bin,None,IMG_20180126_095326.jpg
195,Wet,NA,Dry,Apartment,Pravada,Bin,None,IMG_20180126_095331.jpg
196,Wet,Dry,NA,Apartment,Pravada,Bin,None,IMG_20180126_095345.jpg
197,Wet,Dry,NA,Apartment,Pravada,Bin,None,IMG_20180126_095352.jpg
198,Dry,Wet,NA,Apartment,Pravada,Bin,None,IMG_20180126_095458.jpg
199,Dry,Wet,NA,Apartment,Pravada,Bin,None,IMG_20180126_095505.jpg
200,Dry,Wet,NA,Apartment,Pravada,Bin,None,IMG_20180126_095509.jpg
201,Wet,Dry,NA,Apartment,Pravada,Bin,None,IMG_20180126_095520.jpg
202,Wet,Dry,NA,Apartment,Pravada,Bin,None,IMG_20180126_095526.jpg
203,Wet,Dry,NA,Apartment,Pravada,Bin,None,IMG_20180126_095530.jpg
204,Dry,NA,NA,Apartment,Pravada,Bin,Plastic,IMG_20180128_185606.jpg
205,Dry,NA,NA,Apartment,Pravada,Bin,Plastic,IMG_20180128_185611.jpg
206,Dry,NA,NA,Apartment,Pravada,Bin,Plastic,IMG_20180128_185616.jpg
207,Dry,NA,Wet,Apartment,Pravada,Bin,Plastic,IMG_20180128_185625.jpg
208,Dry,NA,Wet,Apartment,Pravada,Bin,Plastic,IMG_20180128_185630.jpg
209,Dry,NA,Wet,Apartment,Pravada,Bin,Plastic,IMG_20180128_185635.jpg
210,Dry,NA,NA,Apartment,Pravada,Bin,None,IMG_20180128_185652.jpg
211,Dry,NA,Wet,Apartment,Pravada,Bin,Plastic,IMG_20180128_185659.jpg
212,Dry,NA,Wet,Apartment,Pravada,Bin,Plastic,IMG_20180128_185706.jpg
213,Dry,Wet,NA,Apartment,Pravada,Bin,Plastic,IMG_20180128_185715.jpg
214,Dry,Wet,NA,Apartment,Pravada,Bin,Plastic,IMG_20180128_185720.jpg
215,Dry,Wet,NA,Apartment,Pravada,Bin,Plastic,IMG_20180128_185726.jpg
216,Wet,Dry,NA,Apartment,Pravada,Bin,Plastic,IMG_20180128_185833.jpg
217,Wet,Dry,NA,Apartment,Pravada,Bin,Plastic,IMG_20180128_185840.jpg
218,Wet,Dry,NA,Apartment,Pravada,Bin,Plastic,IMG_20180128_185845.jpg
219,Wet,Dry,NA,Apartment,Pravada,Bin,Plastic,IMG_20180128_185903.jpg
220,Wet,Dry,NA,Apartment,Pravada,Bin,Plastic,IMG_20180128_185907.jpg
221,Wet,Dry,NA,Apartment,Pravada,Bin,Plastic,IMG_20180128_185912.jpg
222,Dry,NA,NA,Apartment,Pravada,Bin,Plastic,IMG_20180128_185920.jpg
223,Dry,NA,NA,Apartment,Pravada,Bin,Plastic,IMG_20180128_185929.jpg
224,Dry,NA,NA,Apartment,Pravada,Bin,Plastic,IMG_20180128_185936.jpg
225,Dry,Wet,NA,Apartment,Pravada,Bin,Plastic,IMG_20180128_190014.jpg
226,Dry,Wet,NA,Apartment,Pravada,Bin,Plastic,IMG_20180128_190021.jpg
227,Dry,Wet,NA,Apartment,Pravada,Bin,Plastic,IMG_20180128_190026.jpg
228,Dry,NA,Wet,Apartment,Pravada,Bin,None,IMG_20180128_190039.jpg
229,Dry,NA,Wet,Apartment,Pravada,Bin,None,IMG_20180128_190045.jpg
230,Dry,NA,Wet,Apartment,Pravada,Bin,None,IMG_20180128_190050.jpg
231,Dry,NA,NA,Apartment,Pravada,Bin,Plastic,IMG_20180128_190129.jpg
232,Dry,NA,NA,Apartment,Pravada,Bin,Plastic,IMG_20180128_190134.jpg
233,Dry,NA,NA,Apartment,Pravada,Bin,Plastic,IMG_20180128_190138.jpg
234,Wet,Dry,NA,Apartment,Pravada,Bin,Plastic,IMG_20180128_190146.jpg
235,Wet,Dry,NA,Apartment,Pravada,Bin,Plastic,IMG_20180128_190151.jpg
236,Wet,Dry,NA,Apartment,Pravada,Bin,Plastic,IMG_20180128_190154.jpg
237,Dry,Wet,Reject,Apartment,Pravada,Bin,Plastic,IMG_20180128_190207.jpg
238,Dry,Wet,Reject,Apartment,Pravada,Bin,Plastic,IMG_20180128_190211.jpg
239,Dry,Wet,Reject,Apartment,Pravada,Bin,Plastic,IMG_20180128_190217.jpg
240,Wet,Dry,NA,Apartment,Pravada,Bin,Plastic,IMG_20180128_190226.jpg
241,Wet,Dry,NA,Apartment,Pravada,Bin,Plastic,IMG_20180128_190233.jpg
242,Dry,Wet,NA,Apartment,Pravada,Bin,Plastic,IMG_20180128_190245.jpg
243,Dry,Wet,NA,Apartment,Pravada,Bin,Plastic,IMG_20180128_190250.jpg
244,Dry,Wet,NA,Apartment,Pravada,Bin,Plastic,IMG_20180128_190300.jpg
245,Dry,Wet,NA,Apartment,Pravada,Bin,Plastic,IMG_20180128_190304.jpg
246,Dry,Wet,Reject,Apartment,Pravada,Bin,Plastic,IMG_20180128_190351.jpg
247,Dry,Wet,Reject,Apartment,Pravada,Bin,Plastic,IMG_20180128_190356.jpg
248,Dry,Wet,Reject,Apartment,Pravada,Bin,Plastic,IMG_20180128_190401.jpg
249,Dry,NA,Reject,Apartment,Pravada,Bin,Plastic,IMG_20180128_190408.jpg
250,Dry,NA,Reject,Apartment,Pravada,Bin,Plastic,IMG_20180128_190413.jpg
251,Dry,NA,Reject,Apartment,Pravada,Bin,Plastic,IMG_20180128_190420.jpg
252,Dry,Wet,NA,Apartment,Pravada,Bin,Plastic,IMG_20180128_190507.jpg
253,Dry,Wet,NA,Apartment,Pravada,Bin,Plastic,IMG_20180128_190511.jpg
254,Dry,Wet,NA,Apartment,Pravada,Bin,Plastic,IMG_20180128_190517.jpg
255,Garden,NA,Dry,Apartment,Pravada,Bin,Plastic,IMG_20180128_190528.jpg
256,Garden,NA,Dry,Apartment,Pravada,Bin,Plastic,IMG_20180128_190533.jpg
257,Wet,Dry,NA,Apartment,Pravada,Bin,Plastic,IMG_20180128_190545.jpg
258,Wet,Dry,NA,Apartment,Pravada,Bin,Plastic,IMG_20180128_190549.jpg
259,Wet,Dry,Reject,Apartment,Pravada,Bin,Plastic,IMG_20180128_190849.jpg
260,Wet,Dry,Reject,Apartment,Pravada,Bin,Plastic,IMG_20180128_190854.jpg
261,Dry,NA,Reject,Apartment,Pravada,Bin,Plastic,IMG_20180129_191332.jpg
262,Dry,NA,Reject,Apartment,Pravada,Bin,Plastic,IMG_20180129_191337.jpg
263,Dry,NA,Reject,Apartment,Pravada,Bin,Plastic,IMG_20180129_191342.jpg
264,Dry,Wet,Reject,Apartment,Pravada,Bin,Plastic,IMG_20180129_191358.jpg
265,Dry,Wet,Reject,Apartment,Pravada,Bin,Plastic,IMG_20180129_191403.jpg
266,Dry,Wet,Reject,Apartment,Pravada,Bin,Plastic,IMG_20180129_191407.jpg
267,Wet,NA,Dry,Apartment,Pravada,Bin,Plastic,IMG_20180129_191428.jpg
268,Wet,NA,Dry,Apartment,Pravada,Bin,Plastic,IMG_20180129_191434.jpg
269,Wet,NA,Dry,Apartment,Pravada,Bin,Plastic,IMG_20180129_191438.jpg
270,Dry,NA,Wet,Apartment,Pravada,Bin,Plastic,IMG_20180129_191734.jpg
271,Dry,NA,Wet,Apartment,Pravada,Bin,Plastic,IMG_20180129_191739.jpg
272,Dry,NA,Wet,Apartment,Pravada,Bin,Plastic,IMG_20180129_191742.jpg
273,Dry,NA,Wet,Apartment,Pravada,Bin,Plastic,IMG_20180129_191809.jpg
274,Dry,NA,Wet,Apartment,Pravada,Bin,Plastic,IMG_20180129_191814.jpg
275,Dry,NA,NA,Apartment,Pravada,Bin,Plastic,IMG_20180129_191818.jpg
276,Dry,NA,Wet,Apartment,Pravada,Bin,Plastic,IMG_20180129_191832.jpg
277,Dry,NA,Wet,Apartment,Pravada,Bin,Plastic,IMG_20180129_191836.jpg
278,Dry,NA,Wet,Apartment,Pravada,Bin,Plastic,IMG_20180129_191840.jpg
279,Dry,Wet,NA,Apartment,Pravada,Bin,Plastic,IMG_20180129_191848.jpg
280,Dry,Wet,NA,Apartment,Pravada,Bin,Plastic,IMG_20180129_191852.jpg
281,Dry,Wet,NA,Apartment,Pravada,Bin,Plastic,IMG_20180129_191857.jpg
282,Dry,NA,NA,Apartment,Pravada,Bin,Plastic,IMG_20180129_191912.jpg
283,Dry,NA,NA,Apartment,Pravada,Bin,Plastic,IMG_20180129_191916.jpg
284,Dry,NA,NA,Apartment,Pravada,Bin,Plastic,IMG_20180129_191920.jpg
285,Wet,Dry,Reject,Apartment,Pravada,Bin,Plastic,IMG_20180129_192121.jpg
286,Wet,Dry,Reject,Apartment,Pravada,Bin,Plastic,IMG_20180129_192126.jpg
287,Wet,Dry,Reject,Apartment,Pravada,Bin,Plastic,IMG_20180129_192131.jpg
288,Dry,NA,Wet,Apartment,Pravada,Bin,Plastic,IMG_20180129_192140.jpg
289,Dry,NA,Wet,Apartment,Pravada,Bin,Plastic,IMG_20180129_192144.jpg
290,Dry,NA,Wet,Apartment,Pravada,Bin,Plastic,IMG_20180129_192148.jpg
291,Dry,NA,Wet,Apartment,Pravada,Bin,Plastic,IMG_20180129_192158.jpg
292,Dry,NA,Wet,Apartment,Pravada,Bin,Plastic,IMG_20180129_192203.jpg
293,Dry,NA,Wet,Apartment,Pravada,Bin,Plastic,IMG_20180129_192208.jpg
294,Dry,NA,NA,Apartment,Pravada,Bin,Plastic,IMG_20180129_192309.jpg
295,Dry,NA,NA,Apartment,Pravada,Bin,Plastic,IMG_20180129_192314.jpg
296,Dry,NA,NA,Apartment,Pravada,Bin,Plastic,IMG_20180129_192319.jpg
297,Dry,NA,Wet,Apartment,Pravada,Bin,Plastic,IMG_20180129_192326.jpg
298,Dry,NA,Wet,Apartment,Pravada,Bin,Plastic,IMG_20180129_192331.jpg
299,Dry,NA,Wet,Apartment,Pravada,Bin,Plastic,IMG_20180129_192336.jpg
300,Dry,Wet,Reject,Apartment,Pravada,Bin,Plastic,IMG_20180129_192347.jpg
301,Dry,Wet,Reject,Apartment,Pravada,Bin,Plastic,IMG_20180129_192352.jpg
302,Dry,Wet,Reject,Apartment,Pravada,Bin,Plastic,IMG_20180129_192357.jpg
303,Dry,Reject,Wet,Apartment,Pravada,Bin,Plastic,IMG_20180129_192623.jpg
304,Dry,Reject,Wet,Apartment,Pravada,Bin,Plastic,IMG_20180129_192627.jpg
305,Dry,Reject,Wet,Apartment,Pravada,Bin,Plastic,IMG_20180129_192631.jpg
306,Dry,NA,NA,Apartment,Pravada,Bin,Plastic,IMG_20180129_192643.jpg
307,Dry,NA,NA,Apartment,Pravada,Bin,Plastic,IMG_20180129_192647.jpg
308,Dry,NA,Wet,Apartment,Pravada,Bin,Plastic,IMG_20180129_192652.jpg
309,Dry,NA,Reject,Apartment,Pravada,Bin,Plastic,IMG_20180129_192708.jpg
310,Dry,NA,Reject,Apartment,Pravada,Bin,Plastic,IMG_20180129_192712.jpg
311,Dry,NA,Reject,Apartment,Pravada,Bin,Plastic,IMG_20180129_192718.jpg
312,Dry,Wet,NA,Apartment,Pravada,Bin,Plastic,IMG_20180129_192728.jpg
313,Dry,Wet,NA,Apartment,Pravada,Bin,Plastic,IMG_20180129_192732.jpg
314,Dry,Wet,NA,Apartment,Pravada,Bin,Plastic,IMG_20180129_192740.jpg
315,Dry,Wet,NA,Apartment,Pravada,Bin,Plastic,IMG_20180129_192745.jpg
316,Dry,Wet,NA,Apartment,Pravada,Bin,Plastic,IMG_20180129_192749.jpg
317,Dry,Reject,Wet,Apartment,Pravada,Bin,Plastic,IMG_20180129_192800.jpg
318,Dry,Reject,Wet,Apartment,Pravada,Bin,Plastic,IMG_20180129_192806.jpg
319,Dry,Reject,Wet,Apartment,Pravada,Bin,Plastic,IMG_20180129_192813.jpg
320,Dry,NA,Wet,Apartment,Pravada,Bin,Plastic,IMG_20180129_192921.jpg
321,Dry,NA,Wet,Apartment,Pravada,Bin,Plastic,IMG_20180129_192930.jpg
322,Dry,NA,Wet,Apartment,Pravada,Bin,Plastic,IMG_20180129_192935.jpg
323,Dry,Wet,NA,Apartment,Pravada,Bin,Plastic,IMG_20180129_192948.jpg
324,Dry,Wet,NA,Apartment,Pravada,Bin,Plastic,IMG_20180129_192953.jpg
325,Dry,Wet,NA,Apartment,Pravada,Bin,Plastic,IMG_20180129_192959.jpg
326,Dry,NA,Reject,Apartment,Pravada,Bin,Plastic,IMG_20180129_193014.jpg
327,Dry,NA,Wet,Apartment,Pravada,Bin,Plastic,IMG_20180129_193032.jpg
328,Dry,NA,Wet,Apartment,Pravada,Bin,Plastic,IMG_20180129_193036.jpg
329,Dry,NA,Wet,Apartment,Pravada,Bin,Plastic,IMG_20180129_193043.jpg
330,Dry,Reject,Wet,Apartment,Pravada,Bin,Plastic,IMG_20180129_193055.jpg
331,Dry,Reject,Wet,Apartment,Pravada,Bin,Plastic,IMG_20180129_193059.jpg
332,Dry,Reject,Wet,Apartment,Pravada,Bin,Plastic,IMG_20180129_193103.jpg
333,Dry,NA,NA,Apartment,Pravada,Bin,Plastic,IMG_20180129_193143.jpg
334,Dry,NA,Wet,Apartment,Pravada,Bin,Plastic,IMG_20180129_193148.jpg
335,Dry,NA,NA,Apartment,Pravada,Bin,Plastic,IMG_20180129_193152.jpg
336,Dry,Reject,Wet,Apartment,Pravada,Bin,Plastic,IMG_20180129_193202.jpg
337,Dry,Reject,Wet,Apartment,Pravada,Bin,Plastic,IMG_20180129_193208.jpg
338,Dry,NA,Wet,Apartment,Pravada,Bin,Plastic,IMG_20180129_193222.jpg
339,Dry,NA,Wet,Apartment,Pravada,Bin,Plastic,IMG_20180129_193226.jpg
340,Dry,NA,Wet,Apartment,Pravada,Bin,Plastic,IMG_20180129_193231.jpg
341,Dry,Reject,Garden,Apartment,Pravada,Bin,Plastic,IMG_20180129_193239.jpg
342,Dry,Reject,Garden,Apartment,Pravada,Bin,Plastic,IMG_20180129_193245.jpg
343,Dry,Reject,Garden,Apartment,Pravada,Bin,Plastic,IMG_20180129_193250.jpg
344,Dry,NA,Garden,Apartment,Pravada,Bin,Plastic,IMG_20180130_184018.jpg
345,Dry,NA,Garden,Apartment,Pravada,Bin,Plastic,IMG_20180130_184023.jpg
346,Dry,NA,Garden,Apartment,Pravada,Bin,Plastic,IMG_20180130_184028.jpg
347,Dry,Garden,NA,Apartment,Pravada,Bin,Plastic,IMG_20180130_184038.jpg
348,Dry,Garden,NA,Apartment,Pravada,Bin,Plastic,IMG_20180130_184042.jpg
349,Dry,Wet,Reject,Apartment,Pravada,Bin,Plastic,IMG_20180130_184052.jpg
350,Dry,Wet,Reject,Apartment,Pravada,Bin,Plastic,IMG_20180130_184057.jpg
351,Dry,Wet,Reject,Apartment,Pravada,Bin,Plastic,IMG_20180130_184105.jpg
352,Wet,NA,Dry,Apartment,Pravada,Bin,Plastic,IMG_20180130_184208.jpg
353,Wet,NA,Dry,Apartment,Pravada,Bin,Plastic,IMG_20180130_184212.jpg
354,Wet,NA,Dry,Apartment,Pravada,Bin,Plastic,IMG_20180130_184217.jpg
355,Reject,Wet,Dry,Apartment,Pravada,Bin,Plastic,IMG_20180130_184227.jpg
356,Reject,Wet,Dry,Apartment,Pravada,Bin,Plastic,IMG_20180130_184232.jpg
357,Dry,NA,NA,Apartment,Pravada,Bin,Plastic,IMG_20180130_184247.jpg
358,Dry,NA,NA,Apartment,Pravada,Bin,Plastic,IMG_20180130_184252.jpg
359,Dry,NA,NA,Apartment,Pravada,Bin,Plastic,IMG_20180130_184256.jpg
360,Dry,NA,NA,Apartment,Pravada,Bin,Plastic,IMG_20180130_184305.jpg
361,Dry,NA,NA,Apartment,Pravada,Bin,Plastic,IMG_20180130_184310.jpg
362,Dry,NA,Garden,Apartment,Pravada,Bin,Plastic,IMG_20180130_184324.jpg
363,Dry,NA,Garden,Apartment,Pravada,Bin,Plastic,IMG_20180130_184329.jpg
364,Dry,NA,Garden,Apartment,Pravada,Bin,Plastic,IMG_20180130_184333.jpg
365,Reject,Dry,NA,Apartment,Pravada,Bin,Plastic,IMG_20180130_184340.jpg
366,Reject,Dry,NA,Apartment,Pravada,Bin,Plastic,IMG_20180130_184345.jpg
367,Reject,Dry,NA,Apartment,Pravada,Bin,Plastic,IMG_20180130_184350.jpg
368,Dry,NA,Garden,Apartment,Pravada,Bin,Plastic,IMG_20180130_184424.jpg
369,Dry,NA,Garden,Apartment,Pravada,Bin,Plastic,IMG_20180130_184429.jpg
370,Dry,Reject,NA,Apartment,Pravada,Bin,Plastic,IMG_20180130_184439.jpg
371,Dry,Reject,NA,Apartment,Pravada,Bin,Plastic,IMG_20180130_184445.jpg
372,Dry,Reject,NA,Apartment,Pravada,Bin,Plastic,IMG_20180130_184448.jpg
373,Dry,NA,Wet,Apartment,Pravada,Bin,Plastic,IMG_20180130_184504.jpg
374,Dry,NA,Wet,Apartment,Pravada,Bin,Plastic,IMG_20180130_184509.jpg
375,Dry,NA,Wet,Apartment,Pravada,Bin,Plastic,IMG_20180130_184513.jpg
376,Dry,Wet,NA,Apartment,Pravada,Bin,Plastic,IMG_20180130_184525.jpg
377,Dry,Wet,NA,Apartment,Pravada,Bin,Plastic,IMG_20180130_184539.jpg
378,Dry,Wet,NA,Apartment,Pravada,Bin,Plastic,IMG_20180130_184544.jpg
379,Dry,NA,Wet,Apartment,Pravada,Bin,Plastic,IMG_20180130_184556.jpg
380,Dry,NA,Wet,Apartment,Pravada,Bin,Plastic,IMG_20180130_184601.jpg
381,Dry,NA,Wet,Apartment,Pravada,Bin,Plastic,IMG_20180130_184607.jpg
382,Wet,NA,Dry,Apartment,Pravada,Bin,Plastic,IMG_20180130_184620.jpg
383,Wet,NA,Dry,Apartment,Pravada,Bin,Plastic,IMG_20180130_184625.jpg
384,Wet,NA,Dry,Apartment,Pravada,Bin,Plastic,IMG_20180130_184631.jpg
385,Reject,Dry,Wet,Apartment,Pravada,Bin,Plastic,IMG_20180130_184745.jpg
386,Reject,Dry,Wet,Apartment,Pravada,Bin,Plastic,IMG_20180130_184750.jpg
387,Dry,Wet,NA,Apartment,Pravada,Bin,Plastic,IMG_20180130_184806.jpg
388,Dry,Wet,NA,Apartment,Pravada,Bin,Plastic,IMG_20180130_184810.jpg
389,Dry,Wet,NA,Apartment,Pravada,Bin,Plastic,IMG_20180130_184814.jpg
390,Dry,Wet,NA,Apartment,Pravada,Bin,Plastic,IMG_20180130_184837.jpg
391,Dry,Wet,NA,Apartment,Pravada,Bin,Plastic,IMG_20180130_184842.jpg
392,Dry,Wet,NA,Apartment,Pravada,Bin,Plastic,IMG_20180130_184847.jpg
393,Dry,Wet,NA,Apartment,Pravada,Bin,Plastic,IMG_20180130_184859.jpg
394,Dry,Wet,NA,Apartment,Pravada,Bin,Plastic,IMG_20180130_184904.jpg
395,Dry,Wet,NA,Apartment,Pravada,Bin,Plastic,IMG_20180130_184910.jpg
396,Dry,Wet,Reject,Apartment,Pravada,Bin,Plastic,IMG_20180130_184923.jpg
397,Dry,Wet,Reject,Apartment,Pravada,Bin,Plastic,IMG_20180130_184927.jpg
398,Dry,Wet,Reject,Apartment,Pravada,Bin,Plastic,IMG_20180130_184933.jpg
399,Dry,Wet,NA,Apartment,Pravada,Bin,Plastic,IMG_20180130_185712.jpg
400,Dry,Wet,NA,Apartment,Pravada,Bin,Plastic,IMG_20180130_185717.jpg
401,Dry,Wet,NA,Apartment,Pravada,Bin,Plastic,IMG_20180130_185722.jpg
402,Dry,NA,Wet,Apartment,Pravada,Bin,Plastic,IMG_20180130_185734.jpg
403,Dry,NA,Wet,Apartment,Pravada,Bin,Plastic,IMG_20180130_185738.jpg
404,Dry,NA,Wet,Apartment,Pravada,Bin,Plastic,IMG_20180130_185743.jpg
405,Dry,Wet,Reject,Apartment,Pravada,Bin,Plastic,IMG_20180130_185759.jpg
406,Dry,Wet,Reject,Apartment,Pravada,Bin,Plastic,IMG_20180130_185804.jpg
407,Dry,Wet,Reject,Apartment,Pravada,Bin,Plastic,IMG_20180130_185809.jpg
408,Dry,NA,Wet,Apartment,Pravada,Bin,Plastic,IMG_20180130_185818.jpg
409,Dry,NA,Wet,Apartment,Pravada,Bin,Plastic,IMG_20180130_185821.jpg
410,Dry,NA,Wet,Apartment,Pravada,Bin,Plastic,IMG_20180130_185826.jpg
411,Dry,NA,NA,Apartment,Pravada,Bin,Plastic,IMG_20180130_185837.jpg
412,Dry,NA,NA,Apartment,Pravada,Bin,Plastic,IMG_20180130_185841.jpg
413,Dry,NA,NA,Apartment,Pravada,Bin,Plastic,IMG_20180130_185846.jpg
414,Dry,NA,Wet,Apartment,Pravada,Bin,Plastic,IMG_20180130_185858.jpg
415,Dry,NA,Wet,Apartment,Pravada,Bin,Plastic,IMG_20180130_185902.jpg
416,Dry,NA,Wet,Apartment,Pravada,Bin,Plastic,IMG_20180130_185909.jpg
417,Dry,Wet,Reject,Apartment,Pravada,Bin,Plastic,IMG_20180130_190024.jpg
418,Dry,Wet,Reject,Apartment,Pravada,Bin,Plastic,IMG_20180130_190028.jpg
419,Dry,Wet,Reject,Apartment,Pravada,Bin,Plastic,IMG_20180130_190033.jpg
420,Dry,Wet,NA,Apartment,Pravada,Bin,Plastic,IMG_20180130_190048.jpg
421,Dry,Wet,NA,Apartment,Pravada,Bin,Plastic,IMG_20180130_190053.jpg
422,Dry,Wet,NA,Apartment,Pravada,Bin,Plastic,IMG_20180130_190059.jpg
423,Wet,Dry,NA,Apartment,Pravada,Bin,Plastic,IMG_20180130_190112.jpg
424,Wet,Dry,NA,Apartment,Pravada,Bin,Plastic,IMG_20180130_190116.jpg
425,Wet,Dry,NA,Apartment,Pravada,Bin,Plastic,IMG_20180130_190119.jpg
426,Dry,NA,Reject,Apartment,Pravada,Bin,Plastic,IMG_20180130_190128.jpg
427,Dry,NA,Reject,Apartment,Pravada,Bin,Plastic,IMG_20180130_190131.jpg
428,Dry,NA,Reject,Apartment,Pravada,Bin,Plastic,IMG_20180130_190135.jpg
429,Dry,Wet,NA,Apartment,Pravada,Bin,Plastic,IMG_20180130_190147.jpg
430,Dry,Wet,NA,Apartment,Pravada,Bin,Plastic,IMG_20180130_190152.jpg
431,Dry,Wet,NA,Apartment,Pravada,Bin,Plastic,IMG_20180130_190157.jpg
432,Dry,NA,Wet,Apartment,Pravada,Bin,Plastic,IMG_20180130_190208.jpg
433,Dry,NA,Wet,Apartment,Pravada,Bin,Plastic,IMG_20180130_190212.jpg
434,Dry,NA,Wet,Apartment,Pravada,Bin,Plastic,IMG_20180130_190217.jpg
435,Dry,Wet,NA,Apartment,Pravada,Bin,Brown Paper,IMG_20180130_190255.jpg
436,Dry,Reject,Wet,Apartment,Pravada,Bin,Plastic,IMG_20180130_190303.jpg
437,Dry,Reject,Wet,Apartment,Pravada,Bin,Plastic,IMG_20180130_190308.jpg
438,Dry,Reject,Wet,Apartment,Pravada,Bin,Plastic,IMG_20180130_190312.jpg
439,Dry,NA,Wet,Apartment,Pravada,Bin,Plastic,IMG_20180130_190319.jpg
440,Dry,NA,Wet,Apartment,Pravada,Bin,Plastic,IMG_20180130_190323.jpg
441,Dry,NA,Wet,Apartment,Pravada,Bin,Plastic,IMG_20180130_190327.jpg
442,Dry,NA,NA,Apartment,Pravada,Bin,Plastic,IMG_20180130_190339.jpg
443,Dry,NA,NA,Apartment,Pravada,Bin,Plastic,IMG_20180130_190345.jpg
444,Dry,Reject,Wet,Apartment,Pravada,Bin,Plastic,IMG_20180130_190355.jpg
445,Dry,Reject,Wet,Apartment,Pravada,Bin,Plastic,IMG_20180130_190359.jpg
446,Dry,Wet,NA,Apartment,Pravada,Bin,Plastic,IMG_20180131_184405.jpg
447,Dry,Wet,NA,Apartment,Pravada,Bin,Plastic,IMG_20180131_184409.jpg
448,Dry,Reject,Wet,Apartment,Pravada,Bin,Plastic,IMG_20180131_184422.jpg
449,Dry,Reject,Wet,Apartment,Pravada,Bin,Plastic,IMG_20180131_184427.jpg
450,Dry,Reject,Wet,Apartment,Pravada,Bin,Plastic,IMG_20180131_184432.jpg
451,Dry,Wet,NA,Apartment,Pravada,Bin,Plastic,IMG_20180131_184451.jpg
452,Dry,Wet,NA,Apartment,Pravada,Bin,Plastic,IMG_20180131_184456.jpg
453,Dry,Wet,NA,Apartment,Pravada,Bin,Plastic,IMG_20180131_184500.jpg
454,Wet,Dry,Reject,Apartment,Pravada,Bin,Plastic,IMG_20180131_184628.jpg
455,Wet,Dry,Reject,Apartment,Pravada,Bin,Plastic,IMG_20180131_184632.jpg
456,Wet,Dry,Reject,Apartment,Pravada,Bin,Plastic,IMG_20180131_184637.jpg
457,Dry,NA,NA,Apartment,Pravada,Bin,Plastic,IMG_20180131_184646.jpg
458,Dry,NA,Wet,Apartment,Pravada,Bin,Plastic,IMG_20180131_184652.jpg
459,Dry,NA,Wet,Apartment,Pravada,Bin,Plastic,IMG_20180131_184657.jpg
460,Wet,Dry,Reject,Apartment,Pravada,Bin,Plastic,IMG_20180131_184709.jpg
461,Wet,Dry,Reject,Apartment,Pravada,Bin,Plastic,IMG_20180131_184713.jpg
462,Wet,Dry,Reject,Apartment,Pravada,Bin,Plastic,IMG_20180131_184719.jpg
463,Dry,Wet,Reject,Apartment,Pravada,Bin,Plastic,IMG_20180131_184842.jpg
464,Dry,Wet,Reject,Apartment,Pravada,Bin,Plastic,IMG_20180131_184847.jpg
465,Dry,Wet,Reject,Apartment,Pravada,Bin,Plastic,IMG_20180131_184851.jpg
466,Dry,Wet,NA,Apartment,Pravada,Bin,Plastic,IMG_20180131_184907.jpg
467,Dry,Wet,Reject,Apartment,Pravada,Bin,Plastic,IMG_20180131_184918.jpg
468,Dry,Wet,Reject,Apartment,Pravada,Bin,Plastic,IMG_20180131_184922.jpg
469,Dry,Wet,Reject,Apartment,Pravada,Bin,Plastic,IMG_20180131_184926.jpg
470,Wet,Dry,NA,Apartment,Pravada,Bin,Plastic,IMG_20180131_185029.jpg
471,Wet,Dry,NA,Apartment,Pravada,Bin,Plastic,IMG_20180131_185033.jpg
472,Wet,Dry,NA,Apartment,Pravada,Bin,Plastic,IMG_20180131_185038.jpg
473,Dry,Reject,Wet,Apartment,Pravada,Bin,Plastic,IMG_20180131_185045.jpg
474,Dry,Reject,Wet,Apartment,Pravada,Bin,Plastic,IMG_20180131_185049.jpg
475,Dry,Reject,Wet,Apartment,Pravada,Bin,Plastic,IMG_20180131_185054.jpg
476,Dry,Wet,Garden,Apartment,Pravada,Bin,Plastic,IMG_20180131_185106.jpg
477,Dry,Wet,Garden,Apartment,Pravada,Bin,Plastic,IMG_20180131_185111.jpg
478,Dry,Wet,Garden,Apartment,Pravada,Bin,Plastic,IMG_20180131_185117.jpg
479,Wet,Dry,NA,Apartment,Pravada,Bin,Plastic,IMG_20180131_185126.jpg
480,Wet,Dry,NA,Apartment,Pravada,Bin,Plastic,IMG_20180131_185131.jpg
481,Dry,NA,Reject,Apartment,Pravada,Bin,Plastic,IMG_20180131_185141.jpg
482,Dry,NA,Reject,Apartment,Pravada,Bin,Plastic,IMG_20180131_185146.jpg
483,Dry,NA,Reject,Apartment,Pravada,Bin,Plastic,IMG_20180131_185150.jpg
484,Dry,Reject,NA,Apartment,Pravada,Bin,Plastic,IMG_20180131_185243.jpg
485,Dry,Wet,NA,Apartment,Pravada,Bin,Plastic,IMG_20180131_190715.jpg
486,Dry,Wet,NA,Apartment,Pravada,Bin,Plastic,IMG_20180131_190720.jpg
487,Dry,NA,Wet,Apartment,Pravada,Bin,Plastic,IMG_20180131_190742.jpg
488,Dry,NA,Wet,Apartment,Pravada,Bin,Plastic,IMG_20180131_190747.jpg
489,Dry,NA,Wet,Apartment,Pravada,Bin,Plastic,IMG_20180131_190752.jpg
490,Dry,Reject,NA,Apartment,Pravada,Bin,Plastic,IMG_20180131_190800.jpg
491,Dry,Reject,NA,Apartment,Pravada,Bin,Plastic,IMG_20180131_190804.jpg
492,Dry,Reject,NA,Apartment,Pravada,Bin,Plastic,IMG_20180131_190811.jpg
493,Dry,NA,Reject,Apartment,Pravada,Bin,Plastic,IMG_20180131_190852.jpg
494,Dry,NA,Reject,Apartment,Pravada,Bin,Plastic,IMG_20180131_190857.jpg
495,Dry,NA,Reject,Apartment,Pravada,Bin,Plastic,IMG_20180131_190903.jpg
496,Dry,NA,Wet,Apartment,Pravada,Bin,Plastic,IMG_20180131_190930.jpg
497,Dry,NA,Wet,Apartment,Pravada,Bin,Plastic,IMG_20180131_190934.jpg
498,Dry,NA,Wet,Apartment,Pravada,Bin,Plastic,IMG_20180131_190939.jpg
499,Dry,NA,NA,Apartment,Pravada,Bin,Plastic,IMG_20180131_191236.jpg
500,Dry,NA,NA,Apartment,Pravada,Bin,Plastic,IMG_20180131_191239.jpg
501,Dry,NA,NA,Apartment,Pravada,Bin,Plastic,IMG_20180131_191245.jpg
502,Wet,Dry,NA,Apartment,Pravada,Bin,Plastic,IMG_20180131_191301.jpg
503,Wet,Dry,NA,Apartment,Pravada,Bin,Plastic,IMG_20180131_191304.jpg
504,Wet,Dry,NA,Apartment,Pravada,Bin,Plastic,IMG_20180131_191309.jpg
505,Dry,Wet,NA,Apartment,Pravada,Bin,Plastic,IMG_20180131_191327.jpg
506,Dry,Wet,NA,Apartment,Pravada,Bin,Plastic,IMG_20180131_191330.jpg
507,Dry,Wet,NA,Apartment,Pravada,Bin,Plastic,IMG_20180131_191334.jpg
508,Dry,Wet,NA,Apartment,Pravada,Bin,Plastic,IMG_20180131_191345.jpg
509,Dry,Wet,NA,Apartment,Pravada,Bin,Plastic,IMG_20180131_191405.jpg
510,Dry,Wet,NA,Apartment,Pravada,Bin,Plastic,IMG_20180131_191409.jpg
511,Dry,NA,NA,Apartment,Pravada,Bin,Plastic,IMG_20180131_191440.jpg
512,Dry,NA,Wet,Apartment,Pravada,Bin,Plastic,IMG_20180131_191459.jpg
513,Wet,Dry,NA,Apartment,Pravada,Bin,Plastic,IMG_20180131_191508.jpg
514,Wet,Dry,NA,Apartment,Pravada,Bin,Plastic,IMG_20180131_191511.jpg
515,Wet,Dry,NA,Apartment,Pravada,Bin,Plastic,IMG_20180131_191515.jpg
516,Dry,Wet,NA,Apartment,Pravada,Bin,Plastic,IMG_20180201_081901.jpg
517,Dry,Wet,NA,Apartment,Pravada,Bin,Plastic,IMG_20180201_081905.jpg
518,Dry,Wet,NA,Apartment,Pravada,Bin,Plastic,IMG_20180201_081909.jpg
519,Dry,Wet,NA,Apartment,Pravada,Bin,Plastic,IMG_20180201_081919.jpg
520,Dry,Wet,NA,Apartment,Pravada,Bin,Plastic,IMG_20180201_081924.jpg
521,Dry,Wet,NA,Apartment,Pravada,Bin,Plastic,IMG_20180201_081928.jpg
522,Dry,NA,Wet,Apartment,Pravada,Bin,Plastic,IMG_20180201_081938.jpg
523,Dry,NA,Wet,Apartment,Pravada,Bin,Plastic,IMG_20180201_081943.jpg
524,Wet,Dry,NA,Apartment,Pravada,Bin,Plastic,IMG_20180201_082011.jpg
525,Wet,Dry,NA,Apartment,Pravada,Bin,Plastic,IMG_20180201_082016.jpg
526,Wet,Dry,NA,Apartment,Pravada,Bin,Plastic,IMG_20180201_082022.jpg
527,Dry,Wet,NA,Apartment,Pravada,Bin,Plastic,IMG_20180201_082124.jpg
528,Dry,Wet,NA,Apartment,Pravada,Bin,Plastic,IMG_20180201_082130.jpg
529,Dry,NA,NA,Apartment,Pravada,Bin,Plastic,IMG_20180201_082139.jpg
530,Dry,NA,NA,Apartment,Pravada,Bin,Plastic,IMG_20180201_082155.jpg
531,Dry,Wet,NA,Apartment,Pravada,Bin,Plastic,IMG_20180201_082210.jpg
532,Dry,Wet,NA,Apartment,Pravada,Bin,Plastic,IMG_20180201_082221.jpg
533,Dry,Wet,NA,Apartment,Pravada,Bin,Plastic,IMG_20180201_082226.jpg
534,Dry,Reject,Wet,Apartment,Pravada,Bin,Plastic,IMG_20180201_082239.jpg
535,Dry,Reject,Wet,Apartment,Pravada,Bin,Plastic,IMG_20180201_082245.jpg
536,Dry,Reject,Wet,Apartment,Pravada,Bin,Plastic,IMG_20180201_082250.jpg
537,Dry,Reject,Wet,Apartment,Pravada,Bin,Plastic,IMG_20180201_185037.jpg
538,Dry,Reject,Wet,Apartment,Pravada,Bin,Plastic,IMG_20180201_185041.jpg
539,Dry,Reject,Wet,Apartment,Pravada,Bin,Plastic,IMG_20180201_185049.jpg
540,Dry,Reject,Wet,Apartment,Pravada,Bin,Plastic,IMG_20180201_185109.jpg
541,Dry,Reject,Wet,Apartment,Pravada,Bin,Plastic,IMG_20180201_185115.jpg
542,Dry,Reject,Wet,Apartment,Pravada,Bin,Plastic,IMG_20180201_185121.jpg
543,Wet,Reject,Dry,Apartment,Pravada,Bin,Plastic,IMG_20180201_185131.jpg
544,Wet,Reject,Dry,Apartment,Pravada,Bin,Plastic,IMG_20180201_185217.jpg
545,Wet,Reject,Dry,Apartment,Pravada,Bin,Plastic,IMG_20180201_185221.jpg
546,Wet,NA,NA,Apartment,Pravada,Bin,Plastic,IMG_20180201_185238.jpg
547,Wet,NA,NA,Apartment,Pravada,Bin,Plastic,IMG_20180201_185243.jpg
548,Dry,NA,Reject,Apartment,Pravada,Bin,Plastic,IMG_20180201_185354.jpg
549,Dry,NA,Reject,Apartment,Pravada,Bin,Plastic,IMG_20180201_185358.jpg
550,Dry,Wet,Garden,Apartment,Pravada,Bin,Plastic,IMG_20180201_185406.jpg
551,Dry,Wet,Garden,Apartment,Pravada,Bin,Plastic,IMG_20180201_185410.jpg
552,Dry,Wet,Garden,Apartment,Pravada,Bin,Plastic,IMG_20180201_185414.jpg
553,Dry,Wet,Reject,Apartment,Pravada,Bin,Plastic,IMG_20180201_185428.jpg
554,Dry,Wet,Reject,Apartment,Pravada,Bin,Plastic,IMG_20180201_185431.jpg
555,Dry,Wet,Reject,Apartment,Pravada,Bin,Plastic,IMG_20180201_185438.jpg
556,Dry,Wet,NA,Apartment,Pravada,Bin,Plastic,IMG_20180201_185454.jpg
557,Dry,Wet,NA,Apartment,Pravada,Bin,Plastic,IMG_20180201_185456.jpg
558,Dry,Wet,NA,Apartment,Pravada,Bin,Plastic,IMG_20180201_185503.jpg
559,Dry,Wet,NA,Apartment,Pravada,Bin,Plastic,IMG_20180201_185541.jpg
560,Dry,Wet,NA,Apartment,Pravada,Bin,Plastic,IMG_20180201_185548.jpg
561,Dry,Wet,NA,Apartment,Pravada,Bin,Plastic,IMG_20180201_185554.jpg
562,Wet,Reject,Dry,Apartment,Pravada,Bin,Plastic,IMG_20180201_185606.jpg
563,Wet,Reject,Dry,Apartment,Pravada,Bin,Plastic,IMG_20180201_185611.jpg
564,Wet,Reject,Dry,Apartment,Pravada,Bin,Plastic,IMG_20180201_185616.jpg
565,Dry,Reject,Garden,Apartment,Pravada,Bin,Plastic,IMG_20180201_185816.jpg
566,Dry,Reject,Garden,Apartment,Pravada,Bin,Plastic,IMG_20180201_185821.jpg
567,Wet,Dry,NA,Apartment,Pravada,Bin,Plastic,IMG_20180201_185842.jpg
568,Wet,Dry,NA,Apartment,Pravada,Bin,Plastic,IMG_20180201_185846.jpg
569,Wet,Dry,NA,Apartment,Pravada,Bin,Plastic,IMG_20180201_185851.jpg
570,Dry,Wet,Reject,Apartment,Pravada,Bin,Plastic,IMG_20180201_185904.jpg
571,Dry,Wet,Reject,Apartment,Pravada,Bin,Plastic,IMG_20180201_185908.jpg
572,Dry,Wet,Reject,Apartment,Pravada,Bin,Plastic,IMG_20180201_185914.jpg
573,Dry,Wet,NA,Apartment,Pravada,Bin,Plastic,IMG_20180201_185925.jpg
574,Dry,Wet,NA,Apartment,Pravada,Bin,Plastic,IMG_20180201_185929.jpg
575,Dry,Wet,NA,Apartment,Pravada,Bin,Plastic,IMG_20180201_185933.jpg
576,Dry,Wet,NA,Apartment,Pravada,Bin,Plastic,IMG_20180203_192833.jpg
577,Dry,Wet,NA,Apartment,Pravada,Bin,Plastic,IMG_20180203_192837.jpg
578,Dry,Wet,NA,Apartment,Pravada,Bin,Plastic,IMG_20180203_192841.jpg
579,Dry,Wet,Garden,Apartment,Pravada,Bin,Plastic,IMG_20180203_192906.jpg
580,Dry,Wet,Garden,Apartment,Pravada,Bin,Plastic,IMG_20180203_192910.jpg
581,Dry,Wet,Garden,Apartment,Pravada,Bin,Plastic,IMG_20180203_192915.jpg
582,Dry,Wet,Reject,Apartment,Pravada,Bin,Plastic,IMG_20180203_192949.jpg
583,Dry,Wet,Reject,Apartment,Pravada,Bin,Plastic,IMG_20180203_192954.jpg
584,Dry,Wet,Reject,Apartment,Pravada,Bin,Plastic,IMG_20180203_192959.jpg
585,Dry,Reject,NA,Apartment,Pravada,Bin,Plastic,IMG_20180203_193006.jpg
586,Dry,Reject,NA,Apartment,Pravada,Bin,Plastic,IMG_20180203_193010.jpg
587,Dry,Reject,NA,Apartment,Pravada,Bin,Plastic,IMG_20180203_193016.jpg
588,Dry,Wet,Reject,Apartment,Pravada,Bin,Plastic,IMG_20180203_193028.jpg
589,Dry,Wet,Reject,Apartment,Pravada,Bin,Plastic,IMG_20180203_193034.jpg
590,Dry,Wet,Reject,Apartment,Pravada,Bin,Plastic,IMG_20180203_193039.jpg
591,Dry,Reject,Wet,Apartment,Pravada,Bin,Plastic,IMG_20180203_193049.jpg
592,Dry,Reject,Wet,Apartment,Pravada,Bin,Plastic,IMG_20180203_193053.jpg
593,Dry,Reject,Wet,Apartment,Pravada,Bin,Plastic,IMG_20180203_193058.jpg
594,Dry,NA,NA,Apartment,Pravada,Bin,Plastic,IMG_20180203_193115.jpg
595,Dry,NA,NA,Apartment,Pravada,Bin,Plastic,IMG_20180203_193120.jpg
596,Dry,NA,NA,Apartment,Pravada,Bin,Plastic,IMG_20180203_193125.jpg
597,Dry,NA,NA,Apartment,Pravada,Bin,Plastic,IMG_20180203_193130.jpg
598,Dry,Wet,NA,Apartment,Pravada,Bin,Plastic,IMG_20180203_193136.jpg